2024-01-01,DEV_00001,30.97
2024-01-24,DEV_00079,11.68
2024-01-19,DEV_00049,14.89
2024-01-31,DEV_00015,25.96
2024-01-22,DEV_00018,30.1
2024-01-13,DEV_00061,6.25
2024-01-31,DEV_00001,29.11
2024-01-20,DEV_00104,13.19
2024-01-04,DEV_00057,9.17
2024-01-27,DEV_00113,45.92
2024-01-28,DEV_00155,60.45
2024-01-14,DEV_00024,11.08
2024-01-16,DEV_00178,11.5
2024-01-13,DEV_00094,3.45
2024-01-21,DEV_00128,12.48
2024-01-04,DEV_00152,16.24
2024-01-16,DEV_00163,8.44
2024-01-27,DEV_00030,8.03
2024-01-31,DEV_00044,20.66
2024-01-08,DEV_00057,18.55
2024-01-14,DEV_00027,17.59
2024-01-17,DEV_00081,17.66
2024-01-31,DEV_00001,10.43
2024-01-26,DEV_00148,25.18
2024-01-01,DEV_00199,14.94
2024-01-29,DEV_00098,30.92
2024-01-05,DEV_00075,18.81
2024-01-13,DEV_00057,12.87
2024-01-05,DEV_00171,19.17
2024-01-06,DEV_00002,9.31
2024-01-12,DEV_00140,25.51
2024-01-07,DEV_00054,11.16
2024-01-08,DEV_00041,114.91
2024-01-11,DEV_00078,7.03
2024-01-15,DEV_00145,24.55
2024-01-07,DEV_00170,19.04
2024-01-17,DEV_00068,131.37
2024-01-19,DEV_00189,3.85
2024-01-07,DEV_00070,9.03
2024-01-08,DEV_00071,30.3
2024-01-07,DEV_00084,7.91
2024-01-01,DEV_00089,21.02
2024-01-23,DEV_00043,12.03
2024-01-09,DEV_00125,5.99
2024-01-14,DEV_00119,9.67
2024-01-23,DEV_00017,40.63
2024-01-30,DEV_00120,37.61
2024-01-19,DEV_00176,60.11
2024-01-21,DEV_00056,15.61
2024-01-05,DEV_00073,4.4
2024-01-31,DEV_00008,23.74
2024-01-22,DEV_00079,15.76
2024-01-08,DEV_00058,6.92
2024-01-10,DEV_00031,75.38
2024-01-23,DEV_00184,51.6
2024-01-12,DEV_00141,11.71
2024-01-28,DEV_00087,22.5
2024-01-06,DEV_00115,57.42
2024-01-31,DEV_00169,16.96
2024-01-27,DEV_00180,20.43
2024-01-21,DEV_00136,10.41
2024-01-03,DEV_00145,36.47
2024-01-12,DEV_00115,5.4
2024-01-05,DEV_00168,29.73
2024-01-31,DEV_00075,15.43
2024-01-30,DEV_00173,21.56
2024-01-31,DEV_00200,10.25
2024-01-12,DEV_00083,11.22
2024-01-09,DEV_00044,23.9
2024-01-09,DEV_00010,10.74
2024-01-01,DEV_00140,15.32
2024-01-30,DEV_00026,15.88
2024-01-05,DEV_00103,57.44
2024-01-08,DEV_00020,13.13
2024-01-04,DEV_00104,31.36
2024-01-10,DEV_00086,10.82
2024-01-31,DEV_00051,11.74
2024-01-12,DEV_00169,29.57
2024-01-07,DEV_00058,19.65
2024-01-04,DEV_00195,16.66
2024-01-27,DEV_00113,27.84
2024-01-08,DEV_00096,9.44
2024-01-02,DEV_00154,10.19
2024-01-16,DEV_00166,14.98
2024-01-24,DEV_00129,10.43
2024-01-14,DEV_00111,17.88
2024-01-15,DEV_00037,34.06
2024-01-04,DEV_00009,38.96
2024-01-19,DEV_00145,11.86
2024-01-12,DEV_00107,25.77
2024-01-27,DEV_00163,39.83
2024-01-13,DEV_00142,8.2
2024-01-20,DEV_00013,87.98
2024-01-05,DEV_00068,24.09
2024-01-29,DEV_00048,3.16
2024-01-07,DEV_00101,28.03
2024-01-28,DEV_00153,21.65
2024-01-23,DEV_00097,8.98
2024-01-30,DEV_00043,19.08
2024-01-08,DEV_00184,14.37
2024-01-17,DEV_00132,10.35
2024-01-17,DEV_00024,5.03
2024-01-06,DEV_00042,18.13
2024-01-05,DEV_00003,34.92
2024-01-13,DEV_00098,6.76
2024-01-24,DEV_00042,35.78
2024-01-02,DEV_00097,14.05
2024-01-30,DEV_00051,12.33
2024-01-17,DEV_00022,9.42
2024-01-08,DEV_00018,10.19
2024-01-02,DEV_00135,5.97
2024-01-29,DEV_00176,11.2
2024-01-12,DEV_00010,43.39
2024-01-11,DEV_00195,73.43
2024-01-07,DEV_00149,37.7
2024-01-08,DEV_00101,6.43
2024-01-13,DEV_00002,2.48
2024-01-21,DEV_00107,66.35
2024-01-24,DEV_00115,52.7
2024-01-02,DEV_00016,22.62
2024-01-06,DEV_00166,5.57
2024-01-10,DEV_00120,28.98
2024-01-15,DEV_00032,24.29
2024-01-08,DEV_00173,26.52
2024-01-19,DEV_00066,20.13
2024-01-02,DEV_00161,5.88
2024-01-14,DEV_00021,33.24
2024-01-09,DEV_00188,21.66
2024-01-05,DEV_00004,14.94
2024-01-05,DEV_00078,22.31
2024-01-25,DEV_00017,33.7
2024-01-03,DEV_00115,64.56
2024-01-10,DEV_00039,55.18
2024-01-31,DEV_00040,6.75
2024-01-07,DEV_00098,24.59
2024-01-23,DEV_00009,65.52
2024-01-11,DEV_00026,7.54
2024-01-26,DEV_00141,15.18
2024-01-15,DEV_00143,48.13
2024-01-05,DEV_00117,11.54
2024-01-11,DEV_00185,8.76
2024-01-21,DEV_00003,16.74
2024-01-06,DEV_00012,51.71
2024-01-18,DEV_00144,20.02
2024-01-01,DEV_00005,10.14
2024-01-04,DEV_00021,54.34
2024-01-06,DEV_00197,48.12
2024-01-16,DEV_00101,5.52
2024-01-29,DEV_00098,9.14
2024-01-16,DEV_00059,37.66
2024-01-17,DEV_00049,26.96
2024-01-27,DEV_00064,46.7
2024-01-22,DEV_00054,1.69
2024-01-20,DEV_00166,22.48
2024-01-13,DEV_00098,25.16
2024-01-24,DEV_00171,50.89
2024-01-04,DEV_00070,87.8
2024-01-22,DEV_00117,49.96
2024-01-02,DEV_00075,39.88
2024-01-16,DEV_00143,16.92
2024-01-21,DEV_00185,26.59
2024-01-01,DEV_00159,24.51
2024-01-15,DEV_00178,10.64
2024-01-16,DEV_00028,15
2024-01-20,DEV_00156,9.86
2024-01-17,DEV_00039,10.31
2024-01-27,DEV_00182,8.5
2024-01-21,DEV_00073,33.08
2024-01-26,DEV_00160,17.04
2024-01-28,DEV_00183,12.82
2024-01-14,DEV_00168,25.04
2024-01-23,DEV_00126,42.62
2024-01-10,DEV_00174,19.51
2024-01-01,DEV_00012,14.79
2024-01-15,DEV_00151,17.32
2024-01-31,DEV_00081,19.88
2024-01-29,DEV_00159,28.22
2024-01-14,DEV_00064,81.51
2024-01-10,DEV_00102,16.69
2024-01-06,DEV_00191,9.9
2024-01-08,DEV_00085,6.94
2024-01-19,DEV_00006,25.79
2024-01-16,DEV_00049,12.3
2024-01-07,DEV_00124,17.34
2024-01-26,DEV_00009,35.45
2024-01-27,DEV_00015,9.65
2024-01-30,DEV_00098,11.97
2024-01-21,DEV_00091,4
2024-01-16,DEV_00179,25.54
2024-01-17,DEV_00159,103.32
2024-01-18,DEV_00166,20.09
2024-01-19,DEV_00132,5.95
2024-01-11,DEV_00025,5.19
2024-01-13,DEV_00014,23.13
2024-01-20,DEV_00004,17.25
2024-01-11,DEV_00007,13.03
2024-01-10,DEV_00075,7.68
2024-01-18,DEV_00178,13.48
2024-01-30,DEV_00054,181.88
2024-01-18,DEV_00032,20.4
2024-01-14,DEV_00139,4.65
2024-01-15,DEV_00070,73.44
2024-01-05,DEV_00196,34.89
2024-01-19,DEV_00034,42.98
2024-01-21,DEV_00169,18.96
2024-01-20,DEV_00149,9.21
2024-01-06,DEV_00080,24.97
2024-01-17,DEV_00049,24
2024-01-03,DEV_00023,11.41
2024-01-07,DEV_00079,3.72
2024-01-12,DEV_00178,25.98
2024-01-15,DEV_00028,11.99
2024-01-16,DEV_00038,18.58
2024-01-25,DEV_00055,29.19
2024-01-08,DEV_00169,27.38
2024-01-30,DEV_00150,6.16
2024-01-24,DEV_00142,24.46
2024-01-19,DEV_00045,28.31
2024-01-27,DEV_00080,17.05
2024-01-17,DEV_00192,13.95
2024-01-05,DEV_00084,59.21
2024-01-09,DEV_00068,57.78
2024-01-15,DEV_00101,7.22
2024-01-30,DEV_00178,9.63
2024-01-09,DEV_00073,17.63
2024-01-28,DEV_00032,25.79
2024-01-27,DEV_00153,6.17
2024-01-07,DEV_00084,17.47
2024-01-25,DEV_00139,9.24
2024-01-24,DEV_00152,74.95
2024-01-09,DEV_00115,9.36
2024-01-01,DEV_00104,21.84
2024-01-12,DEV_00009,12.67
2024-01-15,DEV_00181,20.88
2024-01-23,DEV_00145,6.38
2024-01-21,DEV_00080,72.88
2024-01-07,DEV_00180,39.44
2024-01-25,DEV_00119,27.67
2024-01-10,DEV_00024,55.89
2024-01-08,DEV_00010,28.22
2024-01-25,DEV_00039,5.21
2024-01-02,DEV_00112,28.04
2024-01-30,DEV_00090,4.14
2024-01-05,DEV_00143,34.07
2024-01-26,DEV_00033,51.83
2024-01-01,DEV_00148,37.2
2024-01-07,DEV_00055,3.09
2024-01-02,DEV_00176,5.82
2024-01-08,DEV_00119,7.25
2024-01-01,DEV_00069,10.9
2024-01-23,DEV_00017,24.83
2024-01-30,DEV_00182,47.86
2024-01-31,DEV_00188,26.19
2024-01-27,DEV_00093,10.99
2024-01-27,DEV_00069,14.5
2024-01-25,DEV_00034,4.58
2024-01-25,DEV_00136,32.69
2024-01-27,DEV_00012,25.06
2024-01-20,DEV_00042,5.31
2024-01-15,DEV_00135,10.99
2024-01-28,DEV_00034,52.21
2024-01-22,DEV_00105,11.67
2024-01-29,DEV_00107,62.9
2024-01-01,DEV_00108,35.58
2024-01-12,DEV_00171,36.46
2024-01-01,DEV_00100,33.62
2024-01-19,DEV_00110,35.11
2024-01-19,DEV_00138,9.31
2024-01-31,DEV_00030,13.62
2024-01-27,DEV_00057,76.83
2024-01-14,DEV_00008,15.78
2024-01-02,DEV_00087,3.96
2024-01-19,DEV_00057,25.07
2024-01-28,DEV_00130,38.87
2024-01-03,DEV_00027,36.95
2024-01-14,DEV_00197,27.95
2024-01-31,DEV_00115,31.83
2024-01-25,DEV_00127,10.94
2024-01-26,DEV_00117,8.72
2024-01-05,DEV_00197,58.59
2024-01-23,DEV_00109,37.73
2024-01-04,DEV_00173,14.33
2024-01-22,DEV_00123,9.84
2024-01-27,DEV_00148,10.71
2024-01-12,DEV_00055,17.18
2024-01-09,DEV_00056,35.57
2024-01-26,DEV_00137,52.98
2024-01-19,DEV_00095,12.66
2024-01-25,DEV_00136,63.29
2024-01-07,DEV_00170,24.49
2024-01-05,DEV_00141,39.3
2024-01-15,DEV_00114,51.36
2024-01-01,DEV_00179,86.44
2024-01-04,DEV_00109,66.99
2024-01-21,DEV_00037,8.19
2024-01-02,DEV_00005,24.83
2024-01-20,DEV_00161,9.57
2024-01-31,DEV_00172,2.78
2024-01-18,DEV_00153,28.5
2024-01-21,DEV_00003,6.74
2024-01-02,DEV_00086,10.08
2024-01-19,DEV_00153,13.69
2024-01-26,DEV_00163,66.59
2024-01-30,DEV_00171,48.05
2024-01-11,DEV_00046,20.22
2024-01-28,DEV_00022,18.49
2024-01-11,DEV_00192,40.13
2024-01-01,DEV_00137,35.48
2024-01-09,DEV_00116,13.84
2024-01-13,DEV_00062,11.52
2024-01-17,DEV_00022,3.05
2024-01-28,DEV_00137,18.11
2024-01-03,DEV_00194,23.06
2024-01-04,DEV_00026,38.49
2024-01-07,DEV_00137,5.36
2024-01-31,DEV_00041,19.51
2024-01-24,DEV_00115,11.98
2024-01-30,DEV_00064,48.1
2024-01-09,DEV_00060,26.19
2024-01-04,DEV_00166,55.11
2024-01-30,DEV_00061,16.77
2024-01-13,DEV_00182,25.79
2024-01-26,DEV_00186,13.72
2024-01-06,DEV_00088,29.49
2024-01-17,DEV_00014,67.16
2024-01-15,DEV_00183,12.85
2024-01-01,DEV_00184,17.78
2024-01-12,DEV_00111,5.02
2024-01-20,DEV_00177,13.26
2024-01-02,DEV_00175,14.27
2024-01-23,DEV_00011,14.88
2024-01-13,DEV_00138,15.43
2024-01-28,DEV_00140,6.97
2024-01-01,DEV_00048,43.81
2024-01-21,DEV_00143,26.77
2024-01-09,DEV_00084,7.99
2024-01-25,DEV_00111,74.86
2024-01-25,DEV_00192,37.94
2024-01-31,DEV_00018,13.96
2024-01-25,DEV_00186,14.28
2024-01-06,DEV_00127,42.7
2024-01-22,DEV_00163,47.97
2024-01-10,DEV_00096,91.85
2024-01-17,DEV_00144,65.24
2024-01-13,DEV_00159,13.31
2024-01-20,DEV_00128,18.79
2024-01-01,DEV_00123,4.45
2024-01-26,DEV_00013,29.53
2024-01-13,DEV_00051,35.72
2024-01-19,DEV_00169,44.38
2024-01-10,DEV_00065,8.02
2024-01-16,DEV_00070,6.01
2024-01-27,DEV_00092,17.12
2024-01-12,DEV_00021,10.4
2024-01-11,DEV_00162,41.45
2024-01-10,DEV_00097,14.52
2024-01-28,DEV_00173,20.62
2024-01-21,DEV_00109,6.96
2024-01-24,DEV_00160,33.86
2024-01-19,DEV_00112,19.99
2024-01-06,DEV_00158,15.24
2024-01-23,DEV_00018,26.71
2024-01-27,DEV_00155,80.79
2024-01-01,DEV_00034,8.48
2024-01-25,DEV_00082,19.46
2024-01-16,DEV_00092,40.08
2024-01-21,DEV_00172,18.5
2024-01-10,DEV_00171,7.64
2024-01-06,DEV_00019,6.07
2024-01-22,DEV_00042,44.1
2024-01-31,DEV_00114,63.74
2024-01-21,DEV_00004,42.9
2024-01-10,DEV_00112,17.69
2024-01-22,DEV_00157,19.09
2024-01-06,DEV_00003,25.66
2024-01-15,DEV_00164,20.88
2024-01-23,DEV_00026,10.74
2024-01-06,DEV_00166,8.5
2024-01-28,DEV_00140,39.12
2024-01-03,DEV_00066,20.74
2024-01-01,DEV_00097,29.56
2024-01-31,DEV_00132,13.69
2024-01-13,DEV_00025,58.42
2024-01-26,DEV_00136,47.37
2024-01-22,DEV_00047,15.38
2024-01-03,DEV_00143,49.19
2024-01-01,DEV_00013,38.1
2024-01-20,DEV_00019,13.55
2024-01-06,DEV_00169,17.93
2024-01-10,DEV_00069,8.66
2024-01-26,DEV_00099,60.93
2024-01-06,DEV_00132,12.49
2024-01-19,DEV_00041,17.43
2024-01-01,DEV_00135,20.38
2024-01-18,DEV_00141,12.02
2024-01-10,DEV_00032,71.12
2024-01-02,DEV_00132,54.08
2024-01-25,DEV_00072,19.34
2024-01-05,DEV_00114,7.39
2024-01-31,DEV_00047,12.06
2024-01-07,DEV_00039,10.84
2024-01-07,DEV_00002,41.35
2024-01-03,DEV_00199,4.07
2024-01-05,DEV_00134,37.85
2024-01-12,DEV_00064,44.25
2024-01-20,DEV_00062,10.09
2024-01-21,DEV_00178,3.01
2024-01-12,DEV_00164,18.03
2024-01-31,DEV_00196,12.97
2024-01-26,DEV_00148,28.39
2024-01-06,DEV_00192,12.68
2024-01-29,DEV_00181,20.91
2024-01-06,DEV_00054,18.35
2024-01-09,DEV_00066,11.06
2024-01-18,DEV_00014,26.59
2024-01-01,DEV_00040,21.65
2024-01-14,DEV_00151,69.75
2024-01-11,DEV_00097,14.93
2024-01-15,DEV_00186,22.65
2024-01-10,DEV_00180,26.89
2024-01-12,DEV_00156,7.63
2024-01-28,DEV_00060,16.02
2024-01-04,DEV_00173,34.15
2024-01-07,DEV_00028,65.38
2024-01-19,DEV_00066,117.27
2024-01-02,DEV_00132,41.94
2024-01-23,DEV_00193,21.44
2024-01-06,DEV_00005,6.82
2024-01-13,DEV_00063,9.63
2024-01-04,DEV_00171,62.92
2024-01-07,DEV_00117,24.26
2024-01-20,DEV_00115,21.37
2024-01-15,DEV_00029,16.69
2024-01-22,DEV_00055,6
2024-01-10,DEV_00025,23.72
2024-01-22,DEV_00138,59.18
2024-01-07,DEV_00117,19.45
2024-01-18,DEV_00047,47.52
2024-01-11,DEV_00043,11.34
2024-01-31,DEV_00176,62.11
2024-01-25,DEV_00068,22.88
2024-01-01,DEV_00176,12.16
2024-01-08,DEV_00028,18.77
2024-01-26,DEV_00180,6.24
2024-01-24,DEV_00143,47.1
2024-01-10,DEV_00029,15.7
2024-01-06,DEV_00022,11.8
2024-01-21,DEV_00143,5.99
2024-01-29,DEV_00113,13.77
2024-01-16,DEV_00101,56.96
2024-01-19,DEV_00101,60.14
2024-01-01,DEV_00028,13.08
2024-01-08,DEV_00144,15.94
2024-01-01,DEV_00034,14.39
2024-01-15,DEV_00002,20.61
2024-01-18,DEV_00065,71.58
2024-01-28,DEV_00127,16.6
2024-01-16,DEV_00116,54.75
2024-01-10,DEV_00118,26.78
2024-01-14,DEV_00014,7.23
2024-01-09,DEV_00164,24.48
2024-01-24,DEV_00027,20.47
2024-01-30,DEV_00176,18.25
2024-01-16,DEV_00047,10.78
2024-01-25,DEV_00037,82.66
2024-01-21,DEV_00175,47.76
2024-01-06,DEV_00087,16.16
2024-01-12,DEV_00150,28.36
2024-01-02,DEV_00188,10.28
2024-01-28,DEV_00010,21
2024-01-12,DEV_00144,13.41
2024-01-26,DEV_00032,13.99
2024-01-03,DEV_00129,4.46
2024-01-03,DEV_00196,10.02
2024-01-21,DEV_00092,56.18
2024-01-11,DEV_00040,9.14
2024-01-01,DEV_00109,5.19
2024-01-02,DEV_00182,12.26
2024-01-13,DEV_00115,337.14
2024-01-26,DEV_00009,26.46
2024-01-12,DEV_00164,7.29
2024-01-11,DEV_00191,21.7
2024-01-22,DEV_00013,10.02
2024-01-23,DEV_00060,9.68
2024-01-27,DEV_00035,17.36
2024-01-15,DEV_00111,14.46
2024-01-11,DEV_00075,25.7
2024-01-25,DEV_00158,16.69
2024-01-30,DEV_00021,16.36
2024-01-26,DEV_00034,25
2024-01-09,DEV_00041,29.07
2024-01-16,DEV_00093,10.91
2024-01-29,DEV_00107,43.44
2024-01-12,DEV_00144,23.01
2024-01-29,DEV_00114,34.55
2024-01-18,DEV_00103,24.72
2024-01-06,DEV_00032,33.95
2024-01-30,DEV_00189,5.56
2024-01-15,DEV_00056,27.04
2024-01-21,DEV_00048,22.45
2024-01-04,DEV_00155,36.49
2024-01-13,DEV_00141,32.27
2024-01-17,DEV_00171,32.34
2024-01-08,DEV_00105,14.52
2024-01-03,DEV_00158,12.99
2024-01-31,DEV_00115,35.84
2024-01-11,DEV_00163,43.62
2024-01-26,DEV_00008,8.53
2024-01-28,DEV_00197,45.28
2024-01-09,DEV_00114,42.46
2024-01-21,DEV_00139,15.61
2024-01-27,DEV_00185,21.33
2024-01-19,DEV_00154,40.08
2024-01-15,DEV_00107,8.73
2024-01-07,DEV_00047,4.28
2024-01-09,DEV_00008,14.62
2024-01-20,DEV_00054,14.67
2024-01-06,DEV_00091,64.26
2024-01-27,DEV_00036,19.18
2024-01-29,DEV_00160,5.63
2024-01-08,DEV_00099,37.39
2024-01-30,DEV_00101,14.06
2024-01-04,DEV_00143,40.56
2024-01-24,DEV_00057,26.5
2024-01-12,DEV_00101,30.02
2024-01-01,DEV_00155,22.51
2024-01-08,DEV_00135,14.61
2024-01-22,DEV_00174,48.97
2024-01-26,DEV_00038,7.87
2024-01-22,DEV_00150,23.95
2024-01-17,DEV_00180,15.84
2024-01-06,DEV_00011,28.4
2024-01-17,DEV_00009,26.38
2024-01-22,DEV_00116,21.96
2024-01-15,DEV_00064,6.88
2024-01-25,DEV_00026,11.65
2024-01-14,DEV_00156,20.83
2024-01-31,DEV_00007,17.15
2024-01-06,DEV_00171,7.63
2024-01-22,DEV_00019,37.08
2024-01-01,DEV_00146,90.8
2024-01-24,DEV_00079,15.78
2024-01-12,DEV_00140,26.09
2024-01-28,DEV_00170,51.95
2024-01-30,DEV_00166,117.21
2024-01-18,DEV_00158,8.85
2024-01-23,DEV_00054,15.02
2024-01-29,DEV_00165,18.09
2024-01-05,DEV_00191,44.59
2024-01-09,DEV_00144,10.85
2024-01-26,DEV_00055,24.65
2024-01-21,DEV_00187,36.19
2024-01-07,DEV_00160,95.41
2024-01-29,DEV_00178,25.31
2024-01-07,DEV_00112,5.08
2024-01-29,DEV_00048,42.56
2024-01-26,DEV_00035,16.74
2024-01-09,DEV_00112,55.18
2024-01-04,DEV_00185,6.17
2024-01-05,DEV_00186,61.04
2024-01-28,DEV_00087,48.71
2024-01-19,DEV_00137,39.22
2024-01-28,DEV_00126,30.2
2024-01-30,DEV_00168,45.56
2024-01-06,DEV_00017,20.37
2024-01-17,DEV_00085,6.61
2024-01-19,DEV_00025,20.93
2024-01-14,DEV_00135,9.38
2024-01-05,DEV_00036,23.98
2024-01-30,DEV_00035,11.52
2024-01-28,DEV_00049,29.47
2024-01-13,DEV_00167,21.26
2024-01-04,DEV_00024,49.61
2024-01-08,DEV_00161,48.62
2024-01-30,DEV_00135,9.68
2024-01-15,DEV_00137,73.31
2024-01-05,DEV_00003,12.64
2024-01-01,DEV_00025,6.49
2024-01-25,DEV_00007,114.95
2024-01-29,DEV_00105,9.23
2024-01-01,DEV_00114,5.56
2024-01-13,DEV_00150,19.88
2024-01-21,DEV_00130,29.87
2024-01-27,DEV_00112,20.07
2024-01-09,DEV_00053,13.32
2024-01-12,DEV_00150,85.36
2024-01-24,DEV_00031,23.7
2024-01-15,DEV_00056,34.68
2024-01-24,DEV_00149,36.2
2024-01-22,DEV_00130,23.79
2024-01-31,DEV_00153,20.4
2024-01-29,DEV_00086,47.53
2024-01-20,DEV_00011,31.41
2024-01-01,DEV_00151,23.87
2024-01-12,DEV_00060,79.46
2024-01-26,DEV_00058,15.38
2024-01-26,DEV_00190,9.41
2024-01-01,DEV_00159,19.6
2024-01-13,DEV_00111,34.31
2024-01-14,DEV_00105,17.15
2024-01-05,DEV_00150,23.43
2024-01-20,DEV_00170,12.59
2024-01-09,DEV_00072,31.83
2024-01-06,DEV_00142,23.18
2024-01-15,DEV_00145,21.46
2024-01-18,DEV_00074,40.3
2024-01-22,DEV_00165,48.22
2024-01-29,DEV_00051,47.36
2024-01-16,DEV_00098,41.56
2024-01-08,DEV_00167,45.06
2024-01-09,DEV_00068,7.02
2024-01-17,DEV_00107,90.89
2024-01-28,DEV_00082,23.35
2024-01-28,DEV_00157,2.53
2024-01-27,DEV_00156,48.82
2024-01-20,DEV_00031,9.27
2024-01-23,DEV_00161,23.17
2024-01-09,DEV_00143,5.74
2024-01-13,DEV_00079,252.27
2024-01-13,DEV_00140,17.73
2024-01-09,DEV_00097,3.47
2024-01-31,DEV_00055,23.06
2024-01-11,DEV_00160,14.07
2024-01-07,DEV_00013,3.74
2024-01-20,DEV_00106,10.73
2024-01-14,DEV_00066,29.07
2024-01-26,DEV_00089,7.55
2024-01-03,DEV_00022,36.64
2024-01-27,DEV_00159,18.66
2024-01-18,DEV_00048,77.16
2024-01-10,DEV_00182,12.47
2024-01-27,DEV_00137,7.82
2024-01-01,DEV_00101,26.54
2024-01-17,DEV_00089,8.65
2024-01-11,DEV_00080,35.92
2024-01-03,DEV_00072,12.15
2024-01-09,DEV_00117,29.03
2024-01-05,DEV_00179,20.08
2024-01-05,DEV_00006,15.66
2024-01-23,DEV_00091,16.77
2024-01-16,DEV_00061,5.38
2024-01-08,DEV_00050,5.35
2024-01-20,DEV_00016,65.99
2024-01-06,DEV_00084,10.63
2024-01-24,DEV_00166,8.27
2024-01-26,DEV_00062,27.76
2024-01-17,DEV_00089,74.49
2024-01-10,DEV_00039,5.29
2024-01-03,DEV_00146,14.74
2024-01-29,DEV_00001,26.53
2024-01-11,DEV_00172,10.24
2024-01-31,DEV_00090,35.61
2024-01-24,DEV_00082,38.3
2024-01-10,DEV_00106,16.84
2024-01-15,DEV_00049,27.66
2024-01-21,DEV_00060,8.53
2024-01-31,DEV_00035,42.78
2024-01-16,DEV_00125,23.92
2024-01-12,DEV_00009,28.45
2024-01-14,DEV_00091,13.9
2024-01-30,DEV_00152,8.87
2024-01-25,DEV_00042,8.99
2024-01-01,DEV_00090,6.58
2024-01-18,DEV_00119,19.35
2024-01-28,DEV_00009,8.93
2024-01-23,DEV_00076,47.35
2024-01-14,DEV_00020,3
2024-01-11,DEV_00105,93.83
2024-01-30,DEV_00067,28.39
2024-01-02,DEV_00190,15.09
2024-01-14,DEV_00115,11.81
2024-01-28,DEV_00087,1.07
2024-01-23,DEV_00182,15.04
2024-01-25,DEV_00193,17.01
2024-01-03,DEV_00139,21.49
2024-01-23,DEV_00193,8.98
2024-01-03,DEV_00190,11.29
2024-01-31,DEV_00199,36.78
2024-01-23,DEV_00094,11.27
2024-01-29,DEV_00069,11.7
2024-01-22,DEV_00111,13.78
2024-01-07,DEV_00106,38.92
2024-01-24,DEV_00090,7.65
2024-01-30,DEV_00078,2.35
2024-01-09,DEV_00078,10.51
2024-01-03,DEV_00186,15.53
2024-01-30,DEV_00071,41.49
2024-01-26,DEV_00098,6.96
2024-01-09,DEV_00006,3.32
2024-01-25,DEV_00104,69.88
2024-01-28,DEV_00046,29.98
2024-01-10,DEV_00196,106.47
2024-01-12,DEV_00162,24.45
2024-01-03,DEV_00139,12.52
2024-01-31,DEV_00133,4.84
2024-01-19,DEV_00095,9.28
2024-01-12,DEV_00188,54.64
2024-01-08,DEV_00173,26.64
2024-01-21,DEV_00002,11.51
2024-01-12,DEV_00152,4.26
2024-01-22,DEV_00052,46.08
2024-01-20,DEV_00127,7.17
2024-01-30,DEV_00130,42.77
2024-01-31,DEV_00149,152.34
2024-01-06,DEV_00177,14.94
2024-01-03,DEV_00118,13.11
2024-01-15,DEV_00092,52.89
2024-01-09,DEV_00040,12.89
2024-01-24,DEV_00141,2.3
2024-01-28,DEV_00035,11.33
2024-01-14,DEV_00123,4.82
2024-01-30,DEV_00028,18.85
2024-01-15,DEV_00094,18.79
2024-01-19,DEV_00107,36.15
2024-01-07,DEV_00116,14.72
2024-01-01,DEV_00091,105.62
2024-01-04,DEV_00054,17.55
2024-01-03,DEV_00095,31.27
2024-01-30,DEV_00069,154.63
2024-01-02,DEV_00016,46.89
2024-01-05,DEV_00189,44.11
2024-01-06,DEV_00181,11.97
2024-01-17,DEV_00018,3.75
2024-01-19,DEV_00118,38.21
2024-01-19,DEV_00108,11.12
2024-01-12,DEV_00033,11.81
2024-01-20,DEV_00040,19.9
2024-01-15,DEV_00134,21.66
2024-01-20,DEV_00065,16.63
2024-01-26,DEV_00099,74.26
2024-01-03,DEV_00030,7.71
2024-01-15,DEV_00134,3.39
2024-01-26,DEV_00031,31.46
2024-01-13,DEV_00135,40.83
2024-01-10,DEV_00089,10.71
2024-01-28,DEV_00079,5.99
2024-01-19,DEV_00014,73.08
2024-01-12,DEV_00039,25.34
2024-01-13,DEV_00178,11.91
2024-01-25,DEV_00073,27.56
2024-01-10,DEV_00153,24.14
2024-01-30,DEV_00030,24.13
2024-01-19,DEV_00002,12.66
2024-01-25,DEV_00080,21.49
2024-01-20,DEV_00009,16.47
2024-01-18,DEV_00154,12.05
2024-01-15,DEV_00072,37.21
2024-01-30,DEV_00192,64.9
2024-01-08,DEV_00167,53.96
2024-01-07,DEV_00068,7.76
2024-01-03,DEV_00042,12.8
2024-01-17,DEV_00085,29.44
2024-01-01,DEV_00034,24.38
2024-01-12,DEV_00032,8.7
2024-01-18,DEV_00021,27.29
2024-01-14,DEV_00012,24.69
2024-01-30,DEV_00160,24.47
2024-01-17,DEV_00033,40.62
2024-01-25,DEV_00072,60.12
2024-01-20,DEV_00121,3.84
2024-01-17,DEV_00096,20.09
2024-01-29,DEV_00060,9.6
2024-01-03,DEV_00162,12.43
2024-01-01,DEV_00036,33.12
2024-01-01,DEV_00196,4.8
2024-01-04,DEV_00196,8.4
2024-01-18,DEV_00127,8.59
2024-01-06,DEV_00069,8.75
2024-01-27,DEV_00042,12.51
2024-01-09,DEV_00111,14.58
2024-01-06,DEV_00118,10.18
2024-01-11,DEV_00106,30.77
2024-01-27,DEV_00001,9.09
2024-01-06,DEV_00101,59.47
2024-01-19,DEV_00132,54.33
2024-01-24,DEV_00159,25.04
2024-01-23,DEV_00178,50.73
2024-01-07,DEV_00059,19.24
2024-01-04,DEV_00013,5.15
2024-01-27,DEV_00079,15.18
2024-01-24,DEV_00085,190.18
2024-01-21,DEV_00151,9.53
2024-01-01,DEV_00039,10.11
2024-01-04,DEV_00048,137.16
2024-01-04,DEV_00134,62.05
2024-01-22,DEV_00173,20.8
2024-01-05,DEV_00199,14.08
2024-01-29,DEV_00017,16.18
2024-01-11,DEV_00090,14.92
2024-01-29,DEV_00176,52.84
2024-01-16,DEV_00186,19.69
2024-01-25,DEV_00025,23.17
2024-01-09,DEV_00193,66.09
2024-01-06,DEV_00155,18
2024-01-04,DEV_00100,14.48
2024-01-08,DEV_00007,20.88
2024-01-30,DEV_00111,394.43
2024-01-30,DEV_00053,54.47
2024-01-21,DEV_00014,18.76
2024-01-16,DEV_00005,26.78
2024-01-09,DEV_00165,22.2
2024-01-31,DEV_00179,35.19
2024-01-03,DEV_00075,12.17
2024-01-05,DEV_00009,21.63
2024-01-12,DEV_00067,12.23
2024-01-23,DEV_00182,17.18
2024-01-07,DEV_00024,16.77
2024-01-13,DEV_00077,37.31
2024-01-30,DEV_00060,26.29
2024-01-25,DEV_00039,10.18
2024-01-03,DEV_00043,74.88
2024-01-08,DEV_00104,7.67
2024-01-24,DEV_00170,12.91
2024-01-16,DEV_00019,18.24
2024-01-16,DEV_00052,14.74
2024-01-13,DEV_00005,16.48
2024-01-29,DEV_00139,11.97
2024-01-12,DEV_00053,14.69
2024-01-30,DEV_00152,45.43
2024-01-13,DEV_00103,31.31
2024-01-04,DEV_00060,28.94
2024-01-09,DEV_00178,118.07
2024-01-18,DEV_00153,16.47
2024-01-24,DEV_00171,5.2
2024-01-24,DEV_00033,9.38
2024-01-23,DEV_00114,97.92
2024-01-16,DEV_00024,12.54
2024-01-15,DEV_00007,32.11
2024-01-01,DEV_00192,8.28
2024-01-18,DEV_00049,7.98
2024-01-16,DEV_00058,47.82
2024-01-23,DEV_00195,13.73
2024-01-29,DEV_00038,64.23
2024-01-06,DEV_00138,4.95
2024-01-23,DEV_00199,20.35
2024-01-24,DEV_00037,24.68
2024-01-11,DEV_00144,6.24
2024-01-15,DEV_00130,37.89
2024-01-21,DEV_00072,11.38
2024-01-18,DEV_00108,7.76
2024-01-06,DEV_00178,23.91
2024-01-13,DEV_00059,74.16
2024-01-22,DEV_00111,155.98
2024-01-08,DEV_00139,31.13
2024-01-13,DEV_00081,10.34
2024-01-19,DEV_00033,33.03
2024-01-22,DEV_00028,18.93
2024-01-01,DEV_00122,23.99
2024-01-28,DEV_00055,3.42
2024-01-21,DEV_00148,35.6
2024-01-31,DEV_00181,34.24
2024-01-13,DEV_00082,12.92
2024-01-22,DEV_00195,14.71
2024-01-10,DEV_00001,4.18
2024-01-27,DEV_00099,23.83
2024-01-03,DEV_00095,27.3
2024-01-29,DEV_00160,98.82
2024-01-05,DEV_00014,32.2
2024-01-25,DEV_00001,23.3
2024-01-20,DEV_00141,36.14
2024-01-17,DEV_00034,4.31
2024-01-29,DEV_00081,11.18
2024-01-23,DEV_00187,41.82
2024-01-11,DEV_00149,22.51
2024-01-16,DEV_00143,35.64
2024-01-09,DEV_00066,19.84
2024-01-12,DEV_00165,52.59
2024-01-04,DEV_00198,15.22
2024-01-04,DEV_00170,32.15
2024-01-27,DEV_00087,13.24
2024-01-19,DEV_00084,5.46
2024-01-31,DEV_00051,19.89
2024-01-08,DEV_00104,48.32
2024-01-26,DEV_00024,14.94
2024-01-29,DEV_00058,32.69
2024-01-02,DEV_00096,77.78
2024-01-19,DEV_00104,19.06
2024-01-23,DEV_00100,6.54
2024-01-19,DEV_00083,17.55
2024-01-19,DEV_00161,10.04
2024-01-14,DEV_00015,20.64
2024-01-29,DEV_00155,45.38
2024-01-17,DEV_00181,18.46
2024-01-25,DEV_00093,55.03
2024-01-31,DEV_00109,48.54
2024-01-09,DEV_00153,58.78
2024-01-02,DEV_00198,47.03
2024-01-30,DEV_00169,49.73
2024-01-05,DEV_00019,33.94
2024-01-17,DEV_00140,13.04
2024-01-20,DEV_00178,27.75
2024-01-23,DEV_00186,20.45
2024-01-30,DEV_00051,4.5
2024-01-25,DEV_00142,9.1
2024-01-10,DEV_00137,17.81
2024-01-10,DEV_00011,10.78
2024-01-09,DEV_00033,23.97
2024-01-02,DEV_00120,19.42
2024-01-29,DEV_00045,38.68
2024-01-16,DEV_00079,39.44
2024-01-28,DEV_00018,16.65
2024-01-16,DEV_00076,7.91
2024-01-11,DEV_00143,22.5
2024-01-13,DEV_00154,14.75
2024-01-22,DEV_00039,49.81
2024-01-20,DEV_00038,23.37
2024-01-07,DEV_00164,21.07
2024-01-30,DEV_00142,46.45
2024-01-21,DEV_00187,55.73
2024-01-13,DEV_00022,26.78
2024-01-01,DEV_00125,43.66
2024-01-02,DEV_00025,51.04
2024-01-17,DEV_00007,8.59
2024-01-28,DEV_00099,18.68
2024-01-30,DEV_00155,10.77
2024-01-10,DEV_00185,106.47
2024-01-25,DEV_00085,38.2
2024-01-22,DEV_00124,12.61
2024-01-04,DEV_00181,37.41
2024-01-16,DEV_00180,94.24
2024-01-23,DEV_00024,12.75
2024-01-06,DEV_00168,8.34
2024-01-30,DEV_00098,11.93
2024-01-06,DEV_00056,18.91
2024-01-08,DEV_00149,30.71
2024-01-18,DEV_00039,9.74
2024-01-21,DEV_00136,10.91
2024-01-05,DEV_00112,26.75
2024-01-01,DEV_00104,2.73
2024-01-28,DEV_00153,13.76
2024-01-02,DEV_00127,20.21
2024-01-25,DEV_00076,14.78
2024-01-05,DEV_00021,72.69
2024-01-18,DEV_00108,66.86
2024-01-24,DEV_00068,18.35
2024-01-21,DEV_00200,19.6
2024-01-29,DEV_00083,29.39
2024-01-03,DEV_00065,33.56
2024-01-26,DEV_00125,24.3
2024-01-05,DEV_00192,157.9
2024-01-11,DEV_00100,54.59
2024-01-14,DEV_00121,27.04
2024-01-01,DEV_00169,16.52
2024-01-08,DEV_00048,29.58
2024-01-27,DEV_00153,26.55
2024-01-14,DEV_00068,9.16
2024-01-03,DEV_00104,5.93
2024-01-27,DEV_00186,16.27
2024-01-29,DEV_00186,46.57
2024-01-19,DEV_00026,29.47
2024-01-27,DEV_00080,59.96
2024-01-04,DEV_00014,82.57
2024-01-29,DEV_00197,12.77
2024-01-11,DEV_00115,21.25
2024-01-19,DEV_00074,16.82
2024-01-08,DEV_00006,41.99
2024-01-28,DEV_00113,5.07
2024-01-15,DEV_00092,35.1
2024-01-20,DEV_00165,44.18
2024-01-27,DEV_00140,16.7
2024-01-01,DEV_00146,26.79
2024-01-08,DEV_00042,33.6
2024-01-23,DEV_00057,9.08
2024-01-04,DEV_00164,5.1
2024-01-17,DEV_00120,75.29
2024-01-14,DEV_00056,30.98
2024-01-25,DEV_00148,12.59
2024-01-23,DEV_00096,33.68
2024-01-17,DEV_00033,14.43
2024-01-02,DEV_00117,30.02
2024-01-16,DEV_00198,27.14
2024-01-24,DEV_00141,51.41
2024-01-04,DEV_00081,16.25
2024-01-14,DEV_00012,14.61
2024-01-11,DEV_00001,23.16
2024-01-18,DEV_00017,13.64
2024-01-26,DEV_00112,9.73
2024-01-11,DEV_00076,52.93
2024-01-25,DEV_00075,14.68
2024-01-17,DEV_00120,23.31
2024-01-14,DEV_00132,6.54
2024-01-13,DEV_00105,17.99
2024-01-22,DEV_00065,16
2024-01-23,DEV_00141,24.32
2024-01-28,DEV_00186,18.24
2024-01-22,DEV_00128,18.87
2024-01-06,DEV_00050,10
2024-01-19,DEV_00076,19.78
2024-01-07,DEV_00079,73.35
2024-01-22,DEV_00021,13.58
2024-01-19,DEV_00128,17.72
2024-01-02,DEV_00080,23.13
2024-01-17,DEV_00177,72.04
2024-01-31,DEV_00148,9.69
2024-01-09,DEV_00196,17.58
2024-01-26,DEV_00103,15.39
2024-01-14,DEV_00007,36.23
2024-01-07,DEV_00023,36.21
2024-01-21,DEV_00101,19.78
2024-01-08,DEV_00098,17.74
2024-01-05,DEV_00053,28.45
2024-01-05,DEV_00108,17.29
2024-01-08,DEV_00138,37.14
2024-01-08,DEV_00044,54.13
2024-01-14,DEV_00200,29.23
2024-01-27,DEV_00128,18.63
2024-01-31,DEV_00164,73.23
2024-01-02,DEV_00190,11.17
2024-01-15,DEV_00130,13.46
2024-01-26,DEV_00042,25.36
2024-01-15,DEV_00117,17.59
2024-01-13,DEV_00181,7.42
2024-01-14,DEV_00066,6.1
2024-01-29,DEV_00092,13.78
2024-01-26,DEV_00009,53.53
2024-01-16,DEV_00035,9.3
2024-01-21,DEV_00011,27.54
2024-01-01,DEV_00052,20.86
2024-01-05,DEV_00191,8.21
2024-01-30,DEV_00129,10.64
2024-01-07,DEV_00160,15.07
2024-01-23,DEV_00113,9.3
2024-01-20,DEV_00048,23.99
2024-01-07,DEV_00122,104.17
2024-01-08,DEV_00183,92.18
2024-01-14,DEV_00054,8.19
2024-01-01,DEV_00028,21.84
2024-01-23,DEV_00137,7.64
2024-01-06,DEV_00168,33.57
2024-01-14,DEV_00091,5.76
2024-01-15,DEV_00076,27.81
2024-01-19,DEV_00092,15.56
2024-01-12,DEV_00076,14.46
2024-01-07,DEV_00064,19.79
2024-01-04,DEV_00045,22.72
2024-01-08,DEV_00117,20.66
2024-01-01,DEV_00007,15.86
2024-01-25,DEV_00017,47.55
2024-01-13,DEV_00116,20.36
2024-01-02,DEV_00032,26.63
2024-01-17,DEV_00003,11.51
2024-01-26,DEV_00157,3.16
2024-01-09,DEV_00023,28.13
2024-01-16,DEV_00028,34.72
2024-01-27,DEV_00071,23.79
2024-01-23,DEV_00148,29.85
2024-01-02,DEV_00033,7.53
2024-01-18,DEV_00011,19.55
2024-01-11,DEV_00056,26.62
2024-01-07,DEV_00133,29.82
2024-01-26,DEV_00012,25.03
2024-01-27,DEV_00188,20.66
2024-01-20,DEV_00020,14.1
2024-01-27,DEV_00010,5.36
2024-01-16,DEV_00189,8.65
2024-01-01,DEV_00130,11.61
2024-01-06,DEV_00031,26.05
2024-01-01,DEV_00139,9.87
2024-01-21,DEV_00114,61.95
2024-01-23,DEV_00057,26.09
2024-01-03,DEV_00124,15.71
2024-01-11,DEV_00151,61.92
2024-01-06,DEV_00063,4.5
2024-01-10,DEV_00007,33.15
2024-01-31,DEV_00055,7.46
2024-01-19,DEV_00081,14.83
2024-01-05,DEV_00130,9.31
2024-01-25,DEV_00191,53.26
2024-01-26,DEV_00016,8.13
2024-01-11,DEV_00133,8.69
2024-01-09,DEV_00102,14.32
2024-01-26,DEV_00111,3.61
2024-01-17,DEV_00109,18.45
2024-01-25,DEV_00087,165.16
2024-01-16,DEV_00012,17.49
2024-01-20,DEV_00116,27.76
2024-01-05,DEV_00003,29.19
2024-01-29,DEV_00184,1.52
2024-01-13,DEV_00068,25.3
2024-01-05,DEV_00137,13.88
2024-01-05,DEV_00189,25.65
2024-01-28,DEV_00001,37.35
2024-01-20,DEV_00165,13.97
2024-01-18,DEV_00059,25.73
2024-01-02,DEV_00081,8.68
2024-01-03,DEV_00005,21.04
2024-01-14,DEV_00185,35.85
2024-01-31,DEV_00104,32.63
2024-01-10,DEV_00171,6.89
2024-01-26,DEV_00075,29.3
2024-01-07,DEV_00084,97.07
2024-01-03,DEV_00055,26.24
2024-01-25,DEV_00093,19.15
2024-01-15,DEV_00124,11.13
2024-01-27,DEV_00047,12.53
2024-01-18,DEV_00038,22.49
2024-01-13,DEV_00147,87.98
2024-01-05,DEV_00040,40.27
2024-01-01,DEV_00061,30.78
2024-01-19,DEV_00054,6.92
2024-01-28,DEV_00108,7.54
2024-01-10,DEV_00096,32.44
2024-01-29,DEV_00023,14.46
2024-01-19,DEV_00141,11.84
2024-01-29,DEV_00071,20.54
2024-01-27,DEV_00088,5.65
2024-01-01,DEV_00106,10.58
2024-01-04,DEV_00074,9.59
2024-01-29,DEV_00196,79.31
2024-01-08,DEV_00051,58.84
2024-01-12,DEV_00140,31.6
2024-01-25,DEV_00087,11.49
2024-01-29,DEV_00038,9.54
2024-01-22,DEV_00016,27.04
2024-01-07,DEV_00018,17.33
2024-01-16,DEV_00157,23.08
2024-01-10,DEV_00133,35.47
2024-01-13,DEV_00096,17.39
2024-01-13,DEV_00125,3.79
2024-01-23,DEV_00105,16.77
2024-01-02,DEV_00172,2.37
2024-01-01,DEV_00051,30.17
2024-01-08,DEV_00076,25.79
2024-01-30,DEV_00007,27.43
2024-01-22,DEV_00005,22.76
2024-01-13,DEV_00131,25.27
2024-01-28,DEV_00069,15.29
2024-01-23,DEV_00163,14.27
2024-01-25,DEV_00188,42.85
2024-01-30,DEV_00077,22.42
2024-01-18,DEV_00043,5.84
2024-01-16,DEV_00115,23.23
2024-01-11,DEV_00019,11.69
2024-01-11,DEV_00052,25.88
2024-01-28,DEV_00112,4.86
2024-01-25,DEV_00034,17.37
2024-01-19,DEV_00184,11.6
2024-01-06,DEV_00054,15.92
2024-01-15,DEV_00119,48.45
2024-01-04,DEV_00126,6.8
2024-01-26,DEV_00075,14.28
2024-01-14,DEV_00099,32.44
2024-01-01,DEV_00172,6.35
2024-01-06,DEV_00119,10.08
2024-01-05,DEV_00055,14.58
2024-01-13,DEV_00102,13.45
2024-01-12,DEV_00138,28.39
2024-01-10,DEV_00008,12.91
2024-01-12,DEV_00134,10.56
2024-01-06,DEV_00050,65.55
2024-01-06,DEV_00168,31.77
2024-01-08,DEV_00176,21.98
2024-01-24,DEV_00131,64.45
2024-01-09,DEV_00149,15.19
2024-01-31,DEV_00009,8.66
2024-01-11,DEV_00074,9.83
2024-01-16,DEV_00008,19.45
2024-01-06,DEV_00141,12.03
2024-01-24,DEV_00110,25.76
2024-01-31,DEV_00132,11.87
2024-01-20,DEV_00140,16.69
2024-01-21,DEV_00079,14.32
2024-01-13,DEV_00169,114.27
2024-01-30,DEV_00007,49.65
2024-01-01,DEV_00105,6.22
2024-01-22,DEV_00033,22.63
2024-01-17,DEV_00048,14.41
2024-01-08,DEV_00105,74.38
2024-01-02,DEV_00160,34.13
2024-01-18,DEV_00073,16.7
2024-01-14,DEV_00025,6.43
2024-01-13,DEV_00031,51.18
2024-01-09,DEV_00166,22.77
2024-01-02,DEV_00114,18.28
2024-01-10,DEV_00069,12.99
2024-01-25,DEV_00169,8.35
2024-01-25,DEV_00147,44.39
2024-01-31,DEV_00195,11.95
2024-01-29,DEV_00173,46.94
2024-01-25,DEV_00045,32.62
2024-01-30,DEV_00085,36.35
2024-01-28,DEV_00024,5.53
2024-01-15,DEV_00049,130.77
2024-01-03,DEV_00165,10.51
2024-01-14,DEV_00061,7.76
2024-01-25,DEV_00192,19.67
2024-01-05,DEV_00082,27.11
2024-01-02,DEV_00001,11.13
2024-01-24,DEV_00083,22.54
2024-01-11,DEV_00134,19.11
2024-01-25,DEV_00031,10.39
2024-01-16,DEV_00077,40.36
2024-01-11,DEV_00162,19.34
2024-01-15,DEV_00071,55.85
2024-01-16,DEV_00017,8.22
2024-01-12,DEV_00189,19.55
2024-01-02,DEV_00051,6.75
2024-01-14,DEV_00010,14.49
2024-01-17,DEV_00080,33.04
2024-01-29,DEV_00132,19.78
2024-01-04,DEV_00026,40.63
2024-01-07,DEV_00154,10.9
2024-01-17,DEV_00091,31.53
2024-01-15,DEV_00137,14.43
2024-01-02,DEV_00151,22.96
2024-01-07,DEV_00127,33.86
2024-01-03,DEV_00026,13.22
2024-01-22,DEV_00111,24.35
2024-01-18,DEV_00158,34.35
2024-01-26,DEV_00186,11.15
2024-01-29,DEV_00177,15.8
2024-01-01,DEV_00146,14.41
2024-01-03,DEV_00054,8.64
2024-01-22,DEV_00047,13.66
2024-01-12,DEV_00048,32.47
2024-01-27,DEV_00016,115.76
2024-01-12,DEV_00049,37.33
2024-01-05,DEV_00135,8.69
2024-01-26,DEV_00059,22.88
2024-01-26,DEV_00053,66.46
2024-01-03,DEV_00058,26.58
2024-01-02,DEV_00034,25.63
2024-01-19,DEV_00005,17.7
2024-01-21,DEV_00026,20.13
2024-01-18,DEV_00013,28.85
2024-01-27,DEV_00145,14.28
2024-01-31,DEV_00168,15.26
2024-01-12,DEV_00051,10.16
2024-01-29,DEV_00101,39.38
2024-01-11,DEV_00192,7.55
2024-01-24,DEV_00081,8.69
2024-01-09,DEV_00153,28.91
2024-01-27,DEV_00081,5.06
2024-01-23,DEV_00149,31.84
2024-01-02,DEV_00180,29.71
2024-01-25,DEV_00033,6.58
2024-01-08,DEV_00062,75.79
2024-01-08,DEV_00134,5.09
2024-01-01,DEV_00096,54.91
2024-01-29,DEV_00098,3.27
2024-01-28,DEV_00026,3.73
2024-01-19,DEV_00086,16.22
2024-01-03,DEV_00132,3.08
2024-01-07,DEV_00048,12.12
2024-01-30,DEV_00121,19.43
2024-01-11,DEV_00164,10.75
2024-01-07,DEV_00050,3.43
2024-01-26,DEV_00091,70.37
2024-01-16,DEV_00067,42.66
2024-01-01,DEV_00111,96.73
2024-01-31,DEV_00058,22.73
2024-01-30,DEV_00022,7.71
2024-01-29,DEV_00130,7.49
2024-01-19,DEV_00066,18.28
2024-01-02,DEV_00162,36.03
2024-01-18,DEV_00070,12.54
2024-01-05,DEV_00020,39.5
2024-01-13,DEV_00083,22.79
2024-01-10,DEV_00023,12.05
2024-01-09,DEV_00023,87.3
2024-01-20,DEV_00183,11.17
2024-01-11,DEV_00040,31.54
2024-01-25,DEV_00074,44.09
2024-01-17,DEV_00029,62.16
2024-01-14,DEV_00087,16.5
2024-01-23,DEV_00075,3.36
2024-01-19,DEV_00180,8.44
2024-01-23,DEV_00186,35.66
2024-01-03,DEV_00026,18.65
2024-01-05,DEV_00046,12.34
2024-01-15,DEV_00113,19.51
2024-01-03,DEV_00162,24.57
2024-01-11,DEV_00029,37.11
2024-01-01,DEV_00110,7.72
2024-01-03,DEV_00073,13.17
2024-01-06,DEV_00049,32.09
2024-01-25,DEV_00189,15.24
2024-01-27,DEV_00172,16.57
2024-01-23,DEV_00064,10.86
2024-01-18,DEV_00174,13.79
2024-01-15,DEV_00031,47.4
2024-01-10,DEV_00162,54.11
2024-01-30,DEV_00078,4.21
2024-01-16,DEV_00069,14.81
2024-01-19,DEV_00063,14.65
2024-01-23,DEV_00049,18.19
2024-01-31,DEV_00191,10.84
2024-01-02,DEV_00126,5.68
2024-01-03,DEV_00184,20.65
2024-01-13,DEV_00179,48.95
2024-01-04,DEV_00001,31.72
2024-01-05,DEV_00189,27.74
2024-01-11,DEV_00037,8.89
2024-01-07,DEV_00118,14.27
2024-01-30,DEV_00034,3.82
2024-01-24,DEV_00122,16.85
2024-01-11,DEV_00063,21.55
2024-01-05,DEV_00152,17.96
2024-01-22,DEV_00057,19.8
2024-01-31,DEV_00183,7.67
2024-01-01,DEV_00018,15.18
2024-01-16,DEV_00167,36.76
2024-01-21,DEV_00111,55.17
2024-01-10,DEV_00096,50.37
2024-01-15,DEV_00154,31.39
2024-01-07,DEV_00164,20.18
2024-01-23,DEV_00101,5.65
2024-01-09,DEV_00125,13.58
2024-01-31,DEV_00034,11.5
2024-01-08,DEV_00158,15.17
2024-01-05,DEV_00132,8.18
2024-01-11,DEV_00050,23.57
2024-01-18,DEV_00172,28.69
2024-01-20,DEV_00167,29.24
2024-01-19,DEV_00161,8.76
2024-01-22,DEV_00141,22.34
2024-01-13,DEV_00146,22.92
2024-01-03,DEV_00060,13.09
2024-01-03,DEV_00132,82.1
2024-01-14,DEV_00114,80.08
2024-01-21,DEV_00144,12.51
2024-01-19,DEV_00004,34.12
2024-01-28,DEV_00004,25
2024-01-09,DEV_00028,63.94
2024-01-20,DEV_00089,4.98
2024-01-11,DEV_00150,121.44
2024-01-17,DEV_00003,6.85
2024-01-11,DEV_00170,13.81
2024-01-23,DEV_00117,153
2024-01-18,DEV_00188,15.64
2024-01-05,DEV_00060,64.76
2024-01-29,DEV_00007,4.28
2024-01-11,DEV_00196,57.53
2024-01-02,DEV_00019,28.76
2024-01-14,DEV_00150,19.35
2024-01-26,DEV_00171,13.87
2024-01-20,DEV_00073,26.32
2024-01-16,DEV_00078,26.95
2024-01-25,DEV_00109,28.95
2024-01-19,DEV_00073,6.48
2024-01-26,DEV_00117,27.89
2024-01-14,DEV_00057,18.95
2024-01-21,DEV_00083,28.82
2024-01-25,DEV_00061,30.33
2024-01-12,DEV_00086,29.05
2024-01-16,DEV_00089,5.18
2024-01-08,DEV_00025,74.93
2024-01-14,DEV_00081,15.07
2024-01-31,DEV_00123,29.94
2024-01-31,DEV_00165,21.78
2024-01-09,DEV_00178,14.77
2024-01-06,DEV_00131,32.17
2024-01-07,DEV_00018,32.54
2024-01-03,DEV_00061,7.06
2024-01-20,DEV_00006,6.85
2024-01-20,DEV_00122,31.34
2024-01-13,DEV_00195,34.17
2024-01-21,DEV_00072,13.56
2024-01-08,DEV_00124,18.77
2024-01-16,DEV_00133,86.17
2024-01-23,DEV_00010,20.18
2024-01-24,DEV_00071,9.73
2024-01-05,DEV_00075,16.76
2024-01-10,DEV_00068,21.87
2024-01-30,DEV_00181,33.56
2024-01-19,DEV_00023,40.71
2024-01-06,DEV_00169,14.63
2024-01-24,DEV_00067,46.7
2024-01-08,DEV_00140,28.67
2024-01-18,DEV_00187,7.96
2024-01-23,DEV_00059,29.46
2024-01-02,DEV_00031,10.73
2024-01-08,DEV_00198,15.37
2024-01-11,DEV_00081,6.48
2024-01-05,DEV_00032,12.65
2024-01-19,DEV_00159,8.9
2024-01-29,DEV_00023,22.36
2024-01-23,DEV_00173,35.25
2024-01-16,DEV_00168,26.02
2024-01-18,DEV_00009,31.94
2024-01-27,DEV_00169,7.51
2024-01-21,DEV_00038,15.26
2024-01-18,DEV_00072,22.05
2024-01-18,DEV_00076,18.58
2024-01-09,DEV_00173,22.14
2024-01-16,DEV_00042,26.99
2024-01-04,DEV_00106,25.7
2024-01-14,DEV_00134,108.47
2024-01-30,DEV_00014,9.88
2024-01-06,DEV_00198,10.04
2024-01-15,DEV_00151,225.27
2024-01-29,DEV_00152,11.6
2024-01-17,DEV_00047,20.32
2024-01-28,DEV_00153,63.88
2024-01-01,DEV_00181,2
2024-01-26,DEV_00096,3.67
2024-01-27,DEV_00052,16.43
2024-01-21,DEV_00015,18.34
2024-01-05,DEV_00145,19.3
2024-01-04,DEV_00181,112.51
2024-01-22,DEV_00164,36.59
2024-01-06,DEV_00177,19.95
2024-01-21,DEV_00194,16.7
2024-01-24,DEV_00073,16.87
2024-01-24,DEV_00161,46.52
2024-01-27,DEV_00038,8.83
2024-01-12,DEV_00027,34.48
2024-01-08,DEV_00110,29.71
2024-01-16,DEV_00141,4.73
2024-01-18,DEV_00174,2
2024-01-04,DEV_00113,34.17
2024-01-17,DEV_00190,24.95
2024-01-27,DEV_00125,24.52
2024-01-12,DEV_00058,25.76
2024-01-24,DEV_00065,49.52
2024-01-02,DEV_00023,15.35
2024-01-12,DEV_00149,27.54
2024-01-23,DEV_00034,20.52
2024-01-08,DEV_00188,11.25
2024-01-14,DEV_00004,7.78
2024-01-17,DEV_00119,57.11
2024-01-15,DEV_00023,12.33
2024-01-10,DEV_00172,23.18
2024-01-06,DEV_00158,125.48
2024-01-16,DEV_00024,8.03
2024-01-10,DEV_00044,11.92
2024-01-16,DEV_00118,31.24
2024-01-13,DEV_00078,14.06
2024-01-09,DEV_00176,43.43
2024-01-21,DEV_00036,65.26
2024-01-13,DEV_00029,16.81
2024-01-24,DEV_00038,5.1
2024-01-31,DEV_00049,5.21
2024-01-02,DEV_00179,26.02
2024-01-20,DEV_00197,7.54
2024-01-08,DEV_00115,23.91
2024-01-14,DEV_00178,5.47
2024-01-23,DEV_00104,66.74
2024-01-06,DEV_00062,16.43
2024-01-07,DEV_00075,22.06
2024-01-13,DEV_00017,8.63
2024-01-01,DEV_00185,26.07
2024-01-29,DEV_00040,8.1
2024-01-03,DEV_00101,79.96
2024-01-22,DEV_00004,10.26
2024-01-29,DEV_00018,96.93
2024-01-23,DEV_00057,7.18
2024-01-18,DEV_00036,5.27
2024-01-02,DEV_00120,10.36
2024-01-14,DEV_00057,18.62
2024-01-10,DEV_00014,28.79
2024-01-13,DEV_00073,15.31
2024-01-01,DEV_00031,5.84
2024-01-28,DEV_00123,62.18
2024-01-29,DEV_00048,16.66
2024-01-12,DEV_00059,19.75
2024-01-20,DEV_00121,8.58
2024-01-06,DEV_00020,15.63
2024-01-27,DEV_00142,12.45
2024-01-24,DEV_00104,9.21
2024-01-26,DEV_00024,39.85
2024-01-06,DEV_00028,9.48
2024-01-01,DEV_00183,5.63
2024-01-06,DEV_00167,15.98
2024-01-01,DEV_00078,37.32
2024-01-05,DEV_00094,13.62
2024-01-30,DEV_00020,5.41
2024-01-29,DEV_00099,17.17
2024-01-20,DEV_00144,7.6
2024-01-01,DEV_00133,18.02
2024-01-14,DEV_00118,17.47
2024-01-09,DEV_00164,62
2024-01-27,DEV_00086,38.25
2024-01-23,DEV_00135,26.69
2024-01-15,DEV_00127,13.04
2024-01-20,DEV_00120,43.78
2024-01-08,DEV_00143,15.27
2024-01-09,DEV_00115,27.47
2024-01-22,DEV_00150,6.89
2024-01-17,DEV_00014,36.69
2024-01-25,DEV_00149,21.2
2024-01-13,DEV_00108,14.16
2024-01-23,DEV_00054,30.97
2024-01-18,DEV_00137,24.43
2024-01-31,DEV_00114,8.42
2024-01-08,DEV_00162,3.23
2024-01-15,DEV_00011,11.05
2024-01-08,DEV_00030,58.19
2024-01-15,DEV_00039,28.57
2024-01-18,DEV_00086,6.23
2024-01-13,DEV_00093,31.17
2024-01-31,DEV_00158,17.76
2024-01-19,DEV_00038,43.06
2024-01-07,DEV_00029,139.06
2024-01-30,DEV_00023,11.72
2024-01-04,DEV_00051,23.74
2024-01-01,DEV_00093,13.58
2024-01-22,DEV_00079,16.03
2024-01-25,DEV_00078,19.94
2024-01-27,DEV_00110,19.95
2024-01-01,DEV_00183,10.43
2024-01-20,DEV_00175,36.95
2024-01-11,DEV_00150,30.37
2024-01-01,DEV_00124,8.35
2024-01-19,DEV_00177,10.14
2024-01-22,DEV_00136,11.11
2024-01-06,DEV_00069,4.25
2024-01-05,DEV_00007,65.13
2024-01-13,DEV_00187,53.33
2024-01-06,DEV_00036,35.31
2024-01-07,DEV_00187,16.96
2024-01-18,DEV_00195,27.99
2024-01-11,DEV_00065,24.3
2024-01-02,DEV_00080,9.46
2024-01-14,DEV_00055,21.82
2024-01-26,DEV_00145,37.14
2024-01-25,DEV_00011,21.67
2024-01-12,DEV_00126,39.45
2024-01-21,DEV_00126,28.18
2024-01-18,DEV_00065,7.48
2024-01-23,DEV_00190,14.83
2024-01-26,DEV_00138,59.31
2024-01-06,DEV_00173,57.45
2024-01-21,DEV_00037,35.39
2024-01-31,DEV_00048,173.61
2024-01-31,DEV_00135,55.55
2024-01-07,DEV_00144,53.78
2024-01-02,DEV_00071,10.62
2024-01-19,DEV_00150,49.37
2024-01-13,DEV_00014,53.25
2024-01-29,DEV_00194,39.47
2024-01-18,DEV_00132,21.48
2024-01-09,DEV_00081,3.66
2024-01-04,DEV_00080,139.27
2024-01-09,DEV_00121,48.78
2024-01-31,DEV_00132,5.67
2024-01-09,DEV_00145,24.79
2024-01-24,DEV_00115,7.26
2024-01-19,DEV_00053,8.31
2024-01-15,DEV_00064,31.52
2024-01-08,DEV_00081,6.41
2024-01-31,DEV_00155,20.25
2024-01-26,DEV_00089,126.44
2024-01-07,DEV_00094,11.43
2024-01-01,DEV_00056,66.61
2024-01-14,DEV_00029,8.28
2024-01-19,DEV_00107,25.21
2024-01-24,DEV_00164,81.58
2024-01-08,DEV_00057,35.54
2024-01-18,DEV_00016,4.76
2024-01-08,DEV_00189,41.94
2024-01-07,DEV_00012,24.38
2024-01-29,DEV_00200,30.43
2024-01-25,DEV_00098,12.49
2024-01-01,DEV_00192,29.7
2024-01-19,DEV_00087,16.9
2024-01-03,DEV_00138,24.9
2024-01-14,DEV_00037,13.53
2024-01-29,DEV_00018,21.01
2024-01-01,DEV_00179,22.99
2024-01-11,DEV_00152,12.55
2024-01-01,DEV_00121,37.24
2024-01-20,DEV_00160,83.66
2024-01-14,DEV_00100,22.87
2024-01-20,DEV_00103,56.72
2024-01-18,DEV_00132,27.89
2024-01-09,DEV_00109,41.36
2024-01-08,DEV_00005,4.37
2024-01-21,DEV_00036,25.52
2024-01-16,DEV_00038,36.15
2024-01-17,DEV_00151,48.95
2024-01-31,DEV_00101,19.21
2024-01-10,DEV_00030,53.82
2024-01-01,DEV_00104,15.79
2024-01-02,DEV_00088,20.5
2024-01-03,DEV_00103,53.2
2024-01-09,DEV_00040,27.54
2024-01-28,DEV_00059,6.75
2024-01-02,DEV_00039,37.8
2024-01-20,DEV_00184,8.19
2024-01-25,DEV_00159,13.81
2024-01-05,DEV_00175,45.13
2024-01-28,DEV_00029,22.94
2024-01-12,DEV_00052,11.05
2024-01-27,DEV_00183,82.67
2024-01-31,DEV_00018,24.45
2024-01-08,DEV_00027,42.53
2024-01-25,DEV_00003,8.22
2024-01-21,DEV_00037,11.51
2024-01-18,DEV_00132,14.48
2024-01-30,DEV_00076,12.15
2024-01-06,DEV_00102,14.64
2024-01-24,DEV_00067,14.15
2024-01-31,DEV_00143,39.56
2024-01-11,DEV_00093,15.81
2024-01-06,DEV_00004,8.21
2024-01-25,DEV_00098,6.88
2024-01-30,DEV_00119,27.26
2024-01-23,DEV_00129,24.22
2024-01-20,DEV_00023,37.8
2024-01-08,DEV_00068,2.28
2024-01-18,DEV_00011,44.47
2024-01-13,DEV_00047,27.64
2024-01-02,DEV_00123,33.24
2024-01-23,DEV_00063,15.41
2024-01-01,DEV_00191,61.16
2024-01-13,DEV_00014,13.78
2024-01-02,DEV_00084,11.87
2024-01-13,DEV_00066,16.8
2024-01-24,DEV_00018,16.21
2024-01-15,DEV_00065,24.77
2024-01-05,DEV_00179,12.2
2024-01-04,DEV_00066,90.86
2024-01-17,DEV_00001,7.26
2024-01-16,DEV_00028,78.8
2024-01-22,DEV_00172,19.45
2024-01-03,DEV_00170,8.36
2024-01-17,DEV_00165,56.94
2024-01-28,DEV_00004,14.76
2024-01-19,DEV_00059,44.54
2024-01-01,DEV_00099,49.52
2024-01-17,DEV_00074,30.99
2024-01-25,DEV_00138,8.42
2024-01-20,DEV_00177,9.14
2024-01-09,DEV_00083,16.32
2024-01-11,DEV_00078,11.49
2024-01-16,DEV_00084,28
